Hours,Enough,Dinner,Excersie,Tired 
0,No,No,No,5
0,No,No,No,4
0,No,Yes,Yes,5
0,No,Yes,No,4
0,No,No,No,5
0,No,Yes,No,4
0,No,No,No,1
0,No,No,No,5
0,No,No,No,4
0,No,Yes,Yes,5
0,No,Yes,No,4
0,No,No,No,5
0,No,Yes,No,4
0,No,No,No,1
1,No,Yes,No,5
1,No,No,No,4
1,No,No,No,5
1,No,No,No,4
1,No,Yes,No,5
1,No,No,Yes,4
1,No,No,No,5
1,No,Yes,No,4
1,No,Yes,No,5
1,No,No,No,4
1,No,No,No,5
1,No,No,No,4
1,No,Yes,No,5
1,No,No,Yes,4
1,No,No,No,5
1,No,Yes,No,4
2,No,Yes,Yes,5
2,No,No,No,4
2,No,No,No,5
2,No,Yes,No,4
2,No,No,No,5
2,No,Yes,No,4
2,No,Yes,No,5
2,No,Yes,No,4
2,Yes,No,No,4
2,No,Yes,Yes,5
2,No,No,No,4
2,No,No,No,5
2,No,Yes,No,4
2,No,No,No,5
2,No,Yes,No,4
2,No,Yes,No,5
2,No,Yes,No,4
2,Yes,No,No,4
3,No,No,No,5
3,No,No,No,1
3,Yes,No,No,4
3,Yes,No,No,5
3,No,No,Yes,1
3,No,No,Yes,1
3,No,No,No,5
3,No,No,No,1
3,Yes,No,No,4
3,Yes,No,No,5
3,No,No,Yes,1
3,No,No,Yes,1
4,No,No,No,5
4,No,No,Yes,4
4,No,No,No,3
4,No,No,No,3
4,No,No,No,1
4,Yes,No,No,6
4,No,Yes,Yes,1
4,No,Yes,Yes,1
4,No,No,No,2
4,Yes,No,No,5
4,Yes,No,No,4
4,No,Yes,Yes,1
4,No,Yes,Yes,1
4,No,Yes,Yes,1
4,No,Yes,Yes,1
4,No,Yes,Yes,1
4,No,Yes,Yes,1
4,No,Yes,Yes,1
4,No,No,Yes,1
4,No,No,No,2
4,No,No,No,2
4,No,No,No,2
4,Yes,No,No,5
4,Yes,No,No,4
4,No,Yes,Yes,1
4,No,Yes,Yes,1
4,Yes,No,No,4
4,No,No,No,5
4,No,No,Yes,4
4,No,No,No,3
4,No,No,No,3
4,No,No,No,1
4,Yes,No,No,6
4,No,Yes,Yes,1
4,No,Yes,Yes,1
4,No,No,No,2
4,Yes,No,No,5
4,Yes,No,No,4
4,No,Yes,Yes,1
4,No,Yes,Yes,1
4,No,Yes,Yes,1
4,No,Yes,Yes,1
4,No,Yes,Yes,1
4,No,Yes,Yes,1
5,No,Yes,Yes,4
5,No,Yes,No,4
5,No,No,No,4
5,No,No,No,3
5,No,Yes,Yes,2
5,No,Yes,Yes,3
5,No,Yes,Yes,4
5,No,No,No,3
5,No,No,No,2
5,No,Yes,Yes,3
5,No,No,No,1
5,No,No,Yes,5
5,No,No,No,6
5,No,No,No,2
5,No,Yes,Yes,1
5,No,Yes,Yes,1
5,Yes,No,No,4
5,Yes,No,No,4
5,No,Yes,Yes,1
5,No,Yes,Yes,1
5,No,Yes,Yes,1
5,No,No,Yes,1
5,No,No,Yes,1
5,No,Yes,Yes,1
5,No,No,No,1
6,No,No,Yes,3
6,Yes,Yes,Yes,4
6,No,No,Yes,5
6,Yes,Yes,No,2
6,No,No,Yes,1
6,No,Yes,No,1
6,No,No,Yes,3
6,No,Yes,No,2
6,No,Yes,Yes,2
6,No,Yes,Yes,3
6,No,No,Yes,1
6,No,Yes,Yes,2
6,No,Yes,No,3
6,Yes,No,Yes,2
6,No,Yes,No,2
6,No,Yes,Yes,3
6,Yes,Yes,No,2
6,No,Yes,Yes,3
6,Yes,No,Yes,2
6,No,Yes,Yes,1
6,No,No,Yes,3
6,No,Yes,No,4
6,No,Yes,Yes,2
6,Yes,No,No,3
6,No,Yes,Yes,1
6,No,Yes,Yes,1
6,No,Yes,Yes,1
6,No,Yes,Yes,1
6,No,Yes,Yes,1
6,No,Yes,Yes,1
6,No,Yes,Yes,1
6,No,Yes,Yes,1
7,No,Yes,Yes,1
7,No,Yes,No,1
7,No,No,Yes,1
7,Yes,Yes,Yes,1
7,No,No,Yes,0
7,No,Yes,Yes,0
7,Yes,No,No,2
7,Yes,Yes,Yes,1
7,No,Yes,No,0
7,No,Yes,Yes,1
7,Yes,Yes,No,2
7,No,No,Yes,0
7,No,Yes,Yes,1
7,Yes,Yes,Yes,2
7,No,Yes,Yes,1
7,No,Yes,No,1
7,No,No,Yes,1
7,No,No,No,0
7,No,Yes,Yes,0
7,Yes,No,Yes,0
7,No,Yes,Yes,2
7,No,Yes,Yes,1
7,Yes,Yes,Yes,0
7,No,Yes,Yes,1
7,Yes,No,No,2
7,Yes,Yes,Yes,0
7,No,Yes,Yes,1
7,No,Yes,No,2
7,Yes,Yes,Yes,1
7,Yes,Yes,Yes,1
7,Yes,Yes,Yes,1
7,Yes,Yes,Yes,1
7,Yes,Yes,Yes,1
7,Yes,Yes,Yes,1
7,Yes,Yes,Yes,1
7,No,Yes,Yes,1
7,Yes,Yes,Yes,0
7,No,Yes,Yes,2
7,No,Yes,Yes,0
7,Yes,Yes,No,1
7,Yes,No,No,4
7,Yes,Yes,Yes,1
7,Yes,Yes,Yes,1
7,Yes,Yes,Yes,1
7,Yes,Yes,Yes,1
7,No,Yes,Yes,1
7,Yes,No,No,4
7,No,Yes,Yes,1
7,No,No,No,1
7,No,No,No,1
7,No,Yes,Yes,1
7,No,Yes,Yes,1
7,No,Yes,Yes,1
8,Yes,Yes,Yes,2
8,Yes,No,Yes,2
8,Yes,Yes,Yes,1
8,Yes,Yes,No,1
8,Yes,Yes,Yes,1
8,Yes,No,Yes,0
8,Yes,Yes,Yes,2
8,No,Yes,Yes,0
8,Yes,Yes,Yes,1
8,No,Yes,Yes,2
8,No,Yes,No,1
8,No,Yes,Yes,1
8,Yes,No,Yes,1
8,Yes,Yes,No,0
8,Yes,Yes,Yes,2
8,Yes,No,Yes,0
8,Yes,No,Yes,1
8,Yes,No,No,4
8,Yes,No,No,4
8,No,Yes,Yes,1
9,Yes,Yes,Yes,3
9,No,No,Yes,2
9,Yes,Yes,Yes,1
9,Yes,No,Yes,1
9,Yes,No,No,1
9,No,Yes,Yes,0
9,No,Yes,Yes,1
9,No,No,No,2
9,Yes,No,Yes,1
10,No,Yes,Yes,2
10,No,No,Yes,3
10,Yes,Yes,Yes,2
10,Yes,Yes,Yes,1
10,Yes,Yes,Yes,2
10,No,No,No,1
10,Yes,No,Yes,2
10,No,Yes,Yes,1
11,Yes,No,Yes,0
11,Yes,No,No,1
11,Yes,Yes,Yes,2
11,No,Yes,Yes,3
11,Yes,No,Yes,1
11,Yes,No,Yes,2
11,No,Yes,Yes,1
11,No,No,No,2
11,No,No,No,2
11,No,No,No,2
11,No,Yes,Yes,1
11,No,Yes,Yes,1
11,No,Yes,Yes,1
11,No,Yes,Yes,1
12,Yes,Yes,Yes,1
12,Yes,Yes,Yes,0
12,No,Yes,No,1
12,Yes,No,Yes,2
12,Yes,No,Yes,1
12,No,Yes,Yes,1
13,Yes,Yes,No,2
13,Yes,No,Yes,0
13,No,No,Yes,1
13,Yes,No,Yes,4
13,Yes,Yes,Yes,5
13,Yes,No,Yes,3
13,Yes,Yes,Yes,4
13,No,No,No,5
13,Yes,Yes,Yes,3
